name,address1,address2,address3,borough_name,website,os_addressbase_uprn,borough_code,ward_2018_name,ward_2018_code,easting,northing,longitude,latitude,runtime
Wembley Library,Brent Civic Centre Engineers Way,,,,,,,,,519229.84400679916,185846.84612179548,-0.2798831296384714,51.55840914113832,11/20/2022
Kilburn,Salusbury Road,,,Brent,,202046410,E09000005,Queens Park,E05000098,524568.0001221001,183327.00012210011,-0.20380227292931594,51.53460691723079,11/20/2022
Bradmore Green,Bradmore Way,Coulsdon,,Croydon,,200001206439,E09000008,Old Coulsdon,E05011474,530861.0001221001,158165.00012210011,-0.1224049401972604,51.307032707199774,11/20/2022
Biggin Hill Memorial Library and Pool,Church Road,Biggin Hill,,Bromley,,10070007971,E09000006,Biggin Hill,E05000107,541908.0001221001,158979.00012210011,0.036318182477974324,51.311700653215325,11/20/2022
Coulsdon,Brighton Road,Coulsdon,,Croydon,,100023534265,E09000008,Coulsdon Town,E05011466,529802.0001221001,159522.00012210011,-0.137096790433257,51.31947202964364,11/20/2022
Purley,Banstead Road,Purley,,Croydon,,200001215992,E09000008,Purley & Woodcote,E05011476,531141.0001221001,161686.00012210011,-0.11709401162238918,51.338614721070485,11/20/2022
Sanderstead,Farm Fields,South Croydon,,Croydon,,200001205396,E09000008,Sanderstead,E05011478,533444.0001221001,161932.00012210011,-0.08395529727640097,51.34028968819036,11/20/2022
New Addington,Central Parade,Croydon,,Croydon,,100023534498,E09000008,New Addington South,E05011471,538262.0001221001,162072.00012210011,-0.014765878040715304,51.340396323261224,11/20/2022
Selsdon,Addington Road,South Croydon,,Croydon,,10014054952,E09000008,Selsdon Vale & Forestdale,E05011481,535054.0001221001,162157.00012210011,-0.06076701242176913,51.34193161356677,11/20/2022
Library @ the Phoenix Centre,Mollison Drive,Wallington,,Sutton,,5870113095,E09000029,Beddington South,E05000556,530085.0001221001,163225.00012210011,-0.1316846713578861,51.35268985475445,11/20/2022
Wallington Library,Shotfield,Wallington,,Sutton,,5870076858,E09000029,Wallington South,E05000570,528851.0001221001,163709.00012210011,-0.14922239237916213,51.3573212854283,11/20/2022
Cheam Library,Church Road,Cheam,,Sutton,,5870018019,E09000029,Cheam,E05000560,524257.0001221001,163846.00012210011,-0.21512635482852016,51.35957626282733,11/20/2022
Sutton Central Library,St Nicholas Way,Sutton,,Sutton,,5870113864,E09000029,Sutton Central,E05000564,525751.0001221001,164102.00012210011,-0.19358683253041048,51.36154843906423,11/20/2022
Hook and Chessington Library,Hook Road,Chessington,,Kingston upon Thames,,10091803267,E09000021,Chessington North and Hook,E05000404,518017.0001221001,164568.00012210011,-0.30447707972785787,51.36739708817156,11/20/2022
Library @ Westcroft Centre,Westcroft Road,Carshalton,,Sutton,,5870122731,E09000029,Wallington North,E05000569,528313.0001221001,164820.00012210011,-0.15654479095951912,51.36742880904304,11/20/2022
Croydon central library,Katharine Street,Croydon,,Croydon,,100022917682,E09000008,Fairfield,E05011468,532381.0001221001,165364.00012210011,-0.09793181334586268,51.37138430716383,11/20/2022
Worcester Park Library,Windsor Road,Worcester Park,,Sutton,,5870109125,E09000029,Nonsuch,E05000561,522491.0001221001,165801.00012210011,-0.2398070770394287,51.377532325566335,11/20/2022
Shirley,Wickham Road,Croydon,,Croydon,,100022908481,E09000008,Shirly South,E05011483,536156.0001221001,165827.00012210011,-0.043548173564480784,51.37465273225755,11/20/2022
West Wickham Library,Glebe Way,West Wickham,,Bromley,,100022897598,E09000006,West Wickham,E05000127,538328.0001221001,165961.00012210011,-0.012306128533212944,51.37533192539564,11/20/2022
Library @ The Life Centre,Alcorn Close,Sutton,,Sutton,,5870120544,E09000029,Stonecot,E05000563,525241.0001221001,165962.00012210011,-0.20025358448474556,51.37837931393949,11/20/2022
Tolworth Community Library,Tolworth Broadway,Tolworth,,Kingston upon Thames,,128002519,E09000021,Alexandra,E05000400,519638.0001221001,166070.00012210011,-0.2806939499467494,51.380558802709935,11/20/2022
Hayes Library,Hayes Street,Bromley,,Bromley,,100022891892,E09000006,Hayes and Coney Hall,E05000119,540549.0001221001,166192.00012210011,0.019678625209458473,51.37686239390687,11/20/2022
Orpington Library,The Walnuts,Orpington,,Bromley,,10070009943,E09000006,Orpington,E05000122,546335.0001221001,166215.00012210011,0.10277352775739329,51.375607000378025,11/20/2022
Old Malden Library,Church Road,Worcester Park,,Kingston upon Thames,,128004320,E09000021,Old Malden,E05000410,521536.0001221001,166413.00012210011,-0.2533140987452454,51.383238585223154,11/20/2022
Ashburton,Shirley Road,Croydon,,Croydon,,10014052814,E09000008,Addiscombe East,E05011462,534881.0001221001,166672.00012210011,-0.06153670583075942,51.38255158470818,11/20/2022
The Circle Library,Green Wrythe Lane,Carshalton,,Sutton,,5870120398,E09000029,Wandle Valley,E05000571,527126.0001221001,166752.00012210011,-0.17289752276515144,51.38506085967539,11/20/2022
Broad Green,Canterbury Road,Croydon,,Croydon,,10000104509,E09000008,Broad Green,E05011465,531116.0001221001,166830.00012210011,-0.11555575914506366,51.38485402043681,11/20/2022
Surbiton Library,Ewell Road,Surbiton,,Kingston upon Thames,,128006816,E09000021,Berrylands,E05000401,518520.0001221001,167348.00012210011,-0.2963263168162036,51.392280943882874,11/20/2022
Southborough Library,Southborough Lane,Bromley,,Bromley,,100022892170,E09000006,Bickley,E05000106,542272.0001221001,167633.00012210011,0.04499848908149254,51.389383361690754,11/20/2022
Petts Wood Library,Frankswood Avenue,Orpington,,Bromley,,100022897997,E09000006,Petts Wood and Knoll,E05000124,544187.0001221001,167698.00012210011,0.07253162352378577,51.389484087382634,11/20/2022
West Barnes Library,Station Road,New Malden,,Merton,,48085264,E09000024,West Barnes,E05000473,522604.0001221001,167707.00012210011,-0.23752590331478196,51.39463986661372,11/20/2022
New Malden Library,Kingston Road,New Malden,,Kingston upon Thames,,128010803,E09000021,Beverley,E05000402,521083.0001221001,168131.00012210011,-0.2592351938962843,51.39877770255543,11/20/2022
Thornton Heath,Brigstock Road,Thornton Heath,,Croydon,,200001206453,E09000008,Bensham Manor,E05011464,531887.0001221001,168132.00012210011,-0.103997406361376,51.396377400149674,11/20/2022
South Norwood,Lawrence Road,,,Croydon,,200001210571,E09000008,South Norwood,E05011485,533755.0001221001,168225.00012210011,-0.07712418634832761,51.39677584391663,11/20/2022
Pollards Hill Library,South Lodge Avenue,Mitcham,,Merton,,48065103,E09000024,Pollards Hill,E05000467,530049.9100952,168440.53009029478,-0.13027903998511187,51.39957460122404,11/20/2022
Morden Library,London Road,Morden,,Merton,,48083350,E09000024,Merton Park,E05000466,525583.0001221001,168488.00012210011,-0.19444790299453438,51.40100796391067,11/20/2022
Shortlands Library,Shortlands Road,Bromley,,Bromley,,100022891493,E09000006,Shortlands,E05000126,538723.0001221001,168633.00012210011,-0.00558983520144526,51.39924941333211,11/20/2022
Norbury,Beatrice Avenue,,,Croydon,,100023319420,E09000008,Norbury & Pollards Hill,E05011472,530815.0001221001,169072.00012210011,-0.11905284858474778,51.40507418218729,11/20/2022
Bromley Central Library,High Street,Bromley,,Bromley,,100022886980,E09000006,Bromley Town,E05000109,540217.0001221001,169118.00012210011,0.016066783909296462,51.40324077728442,11/20/2022
Kingston Library,Fairfield Road,Kingston Upon Th,,Kingston upon Thames,,128019808,E09000021,Grove,E05000408,518313.0001221001,169184.00012210011,-0.29868809889891274,51.408827393443644,11/20/2022
Raynes Park Library,Approach Road,,,Merton,,48128562,E09000024,Dundonald,E05000459,523352.8001098931,169276.0800780952,-0.22622153443767634,51.408580963987085,11/20/2022
Mitcham Library,London Road,Mitcham,,Merton,,48083196,E09000024,Figge's Marsh,E05000460,527898.0001221001,169335.00012210011,-0.16087712634454546,51.40810346938461,11/20/2022
St Pauls Cray Library,Mickleham Road,Orpington,,Bromley,,100022898290,E09000006,Cray Valley West,E05000115,546390.0001221001,169378.00012210011,0.10486766661118022,51.4040174558779,11/20/2022
Beckenham Library,Beckenham Road,Beckenham,,Bromley,,10003628986,E09000006,Clock House,E05000112,536627.0001221001,169562.00012210011,-0.035346839548617684,51.408107456136726,11/20/2022
Hampton,Rosehill,Hampton,,Richmond upon Thames,,100023398181,E09000027,Hampton,E05000520,513431.0001221001,169577.00012210011,-0.36873308724104026,51.413357843281126,11/20/2022
Hampton Wick,Bennet Close,Hampton Wick,,Richmond upon Thames,,10002251905,E09000027,Hampton Wick,E05000522,517393.0001221001,169657.00012210011,-0.311754654834997,51.41327030500837,11/20/2022
Penge Library,Green Lane,,,Bromley,,10070007380,E09000006,Penge and Cator,E05000123,535626.0001221001,170124.00012210011,-0.049516923964200515,51.4133987157756,11/20/2022
Colliers Wood Library,High Street Collier's Wood,,,Merton,,48121555,E09000024,Colliers Wood,E05000457,526826.4600829929,170420.68011479825,-0.17588859932092601,51.41810234906667,11/20/2022
Upper Norwood,Westow Hill,,,Lambeth,,10091838065,E09000022,Gipsy Hill,E05000422,533506.0001221001,170749.00012210011,-0.079751385167192,51.419519196621856,11/20/2022
Wimbledon Library,Wimbledon Hill Road,,,Merton,,48127190,E09000024,Hillside,E05000462,524696.0001221001,170793.00012210011,-0.20638314809588792,51.421921566543006,11/20/2022
Burnt Ash Library,Burnt Ash Lane,Bromley,,Bromley,,100022890161,E09000006,Plaistow and Sundridge,E05000125,540531.0001221001,170913.00012210011,0.02129001895749918,51.41929479801025,11/20/2022
Hampton Hill,High Street,Hampton Hill,,Richmond upon Thames,,10024344272,E09000027,Fulwell and Hampton Hill,E05000518,514398.0001221001,171005.00012210011,-0.35437164592932363,51.42599969670321,11/20/2022
Chislehurst Library,Red Hill,Chislehurst,,Bromley,,100022901114,E09000006,Chislehurst,E05000111,543663.0001221001,171025.00012210011,0.06635256708469033,51.4195161051789,11/20/2022
Tudor Drive Library,Tudor Drive,Kingston Upon Th,,Kingston upon Thames,,128039997,E09000021,Tudor,E05000415,518460.0001221001,171076.00012210011,-0.29594286504915013,51.42580323322705,11/20/2022
Teddington,Waldegrave Road,Teddington,,Richmond upon Thames,,10002264575,E09000027,Teddington,E05000530,515893.0001221001,171175.00012210011,-0.3328199987878258,51.42722398560931,11/20/2022
Tooting Library,Mitcham Road,,,Wandsworth,,121014131,E09000032,Graveney,E05000616,527618.0001221001,171323.00012210011,-0.16418534228203768,51.42603473700873,11/20/2022
Sydenham community library service,Sydenham Road,,,Lewisham,,100023262826,E09000023,Sydenham,E05000452,536318.0001221001,171590.00012210011,-0.03900733166117893,51.42640820557485,11/20/2022
Downham Library,Moorside Road,Bromley,,Lewisham,,100022890162,E09000023,Downham,E05000442,539825.0001221001,171701.00012210011,0.01145318367595352,51.42655122879919,11/20/2022
Sidcup Library,Hadlow Road,Sidcup,,Bexley,,100022918511,E09000004,Sidcup,E05011230,546445.0001221001,171750.00012210011,0.10663786271583707,51.42531936897319,11/20/2022
Kingswood Library,Seeley Drive,,,Southwark,,200003436418,E09000028,Dulwich Wood,E05011101,533450.0001221001,171905.00012210011,-0.08012089214867327,51.42992201696994,11/20/2022
Streatham,Streatham High Road,,,Lambeth,,100023315960,E09000022,Streatham Wells,E05000432,530149.0001221001,171946.00012210011,-0.12756807619150148,51.43105845426354,11/20/2022
Coldharbour Library,William Barefoot Drive,Eltham,,Greenwich,,10010224659,E09000011,Coldharbour and New Eltham,E05000217,543113.8400878981,172153.98010249436,0.058915382605098064,51.42980096879223,11/20/2022
Ham,Ham Street,Ham,,Richmond upon Thames,,100023395688,E09000027,"Ham, Petersham and Richmond Riverside",E05000519,517337.0001221001,172337.00012210011,-0.3116718962683163,51.43737165832575,11/20/2022
Hanworth Library,Hampton Road West,Feltham,,Hounslow,,100023517802,E09000018,Hanworth,E05000353,512072.0001221001,172492.00012210011,-0.38734636779321574,51.439831254267055,11/20/2022
Forest Hill Library,Dartmouth Road,,,Lewisham,,100023257020,E09000023,Forest Hill,E05000444,535208.0001221001,172558.00012210011,-0.05459564214519615,51.43537398912668,11/20/2022
Grove Park community library service,Somertrees Avenue,,,Lewisham,,100023232090,E09000023,Grove Park,E05000445,540745.0001221001,172715.00012210011,0.025081989596105716,51.435436268559094,11/20/2022
Mottingham Library,Mottingham Road,,,Bromley,,100023283985,E09000006,Mottingham and Chislehurst North,E05000121,542139.0001221001,172921.00012210011,0.04520832611648285,51.436939487434884,11/20/2022
Heathfield Library Access Point,Percy Road,Twickenham,,Richmond upon Thames,,100023401561,E09000027,Heathfield,E05000523,513762.0001221001,172934.00012210011,-0.3628967179214056,51.443467402095365,11/20/2022
New Eltham Library,Southwood Road,Eltham,,Greenwich,,10010197970,E09000011,Coldharbour and New Eltham,E05000217,544062.9801024944,172982.7700805962,0.07289786404361596,51.43700852799315,11/20/2022
Earlsfield Library,Magdalen Road,,,Wandsworth,,100023328731,E09000032,Earlsfield,E05000612,526117.0001221001,173053.00012210011,-0.18514964469425785,51.441920217204306,11/20/2022
Feltham Library,High Street,Feltham,,Hounslow,,100023399114,E09000018,Feltham West,E05000352,510516.6000976935,173127.6000976935,-0.40951987171032717,51.44585041029236,11/20/2022
Southfields Library,Wimbledon Park Road,,,Wandsworth,,100023335031,E09000032,West Hill,E05000628,524586.0001221001,173139.00012210011,-0.20713911764757595,51.443032091698036,11/20/2022
Torridon Road Library,Torridon Road,,,Lewisham,,100023276877,E09000023,Catford South,E05000440,538984.0001221001,173378.00012210011,2.11969860960643e-05,51.441829546465804,11/20/2022
Twickenham,Garfield Road,Twickenham,,Richmond upon Thames,,100023574356,E09000027,Twickenham Riverside,E05000531,516294.0001221001,173381.00012210011,-0.32632933326644614,51.44697103716127,11/20/2022
Balham Library,Ramsden Road,,,Wandsworth,,100023306589,E09000032,Balham,E05000610,528498.0001221001,173451.00012210011,-0.15076103334813692,51.44496215087221,11/20/2022
Catford library,Catford Road,,,Lewisham,,200000556121,E09000023,Rushey Green,E05000451,537650.0001221001,173594.00012210011,-0.019079052426101036,51.444096600773406,11/20/2022
Bexley Community Library,Bourne Road,Bexley,,Bexley,,100022922056,E09000004,St. Mary's & St. James,E05011229,549574.0001221001,173724.00012210011,0.15244918402013158,51.442240983723856,11/20/2022
Bedfont Library,Staines Road,Feltham,,Hounslow,,100023400018,E09000018,Bedfont,E05000346,508895.1000976935,173725.6000976935,-0.4326618657859064,51.45154014000728,11/20/2022
Roehampton Library,Danebury Avenue,,,Wandsworth,,100023314365,E09000032,Roehampton and Putney Heath,E05000621,522250.0001221001,173779.00012210011,-0.2405171048872854,51.44929375978501,11/20/2022
Whitton,Nelson Road,Twickenham,,Richmond upon Thames,,100023401915,E09000027,Whitton,E05000533,514109.0001221001,173917.00012210011,-0.3575883165445195,51.452233661847956,11/20/2022
Dulwich Library,Lordship Lane,,,Southwark,,200003440972,E09000028,Dulwich Village,E05011100,533893.0001221001,173960.00012210011,-0.07297420067566748,51.44828683387968,11/20/2022
Blackfen Community Library,Blackfen Road,Sidcup,,Bexley,,10023305013,E09000004,Blackfen & Lamorbey,E05011220,546325.0501098931,174455.79010009766,0.10603201938315471,51.44966600729117,11/20/2022
Eltham Centre Library,Eltham High Street,Eltham,,Greenwich,,100023282187,E09000011,Eltham North,E05000218,543090.0001221001,174458.00012210011,0.059504080224144405,51.45051272723563,11/20/2022
Northcote Library,Northcote Road,,,Wandsworth,,100023304130,E09000032,Northcote,E05000619,527637.0001221001,174506.00012210011,-0.1627643126452143,51.45463917927141,11/20/2022
Wandsworth Town Library,Garratt Lane,,,Wandsworth,,121008322,E09000032,Fairfield,E05000614,525681.0001221001,174572.00012210011,-0.19088075403804325,51.45567007184391,11/20/2022
Crayford Library,Townhall Square,Dartford,,Bexley,,10090792770,E09000004,Crayford,E05011222,551583.870117195,174579.25012210011,0.1817162744526239,51.44939192497877,11/20/2022
Richmond Information and Reference Library. Richmond Local Studies Library.,Whittaker Avenue,Richmond,,Richmond upon Thames,,10002264550,E09000027,South Richmond,E05000528,517757.0001221001,174680.00012210011,-0.3048515879349709,51.45834489820287,11/20/2022
Crofton Park community library service,Brockley Road,,,Lewisham,,100023271665,E09000023,Crofton Park,E05000441,536532.0001221001,174769.00012210011,-0.034704482176418715,51.454927329387885,11/20/2022
Manor House Library,Old Road,,,Lewisham,,100023570127,E09000023,Lee Green,E05000447,539361.0001221001,175054.00012210011,0.006103014851359573,51.45679922832454,11/20/2022
Richmond Lending Library,Little Green,Richmond,,Richmond upon Thames,,10002249444,E09000027,South Richmond,E05000528,517937.0001221001,175067.00012210011,-0.3021325506806137,51.46178601259018,11/20/2022
Putney Library,Disraeli Road,,,Wandsworth,,100023313019,E09000032,Thamesfield,E05000625,524038.0001221001,175155.00012210011,-0.2143140118195508,51.461272624331784,11/20/2022
Central Library,Townley Road,Bexleyheath,,Bexley,,100022922362,E09000004,Bexleyheath,E05011219,549040.0001221001,175181.00012210011,0.14538424632291733,51.45547477513441,11/20/2022
Lewisham Library,Lewisham High Street,,,Lewisham,,100023234441,E09000023,Lewisham Central,E05000448,538232.0001221001,175241.00012210011,-0.010065265045507124,51.458756673625594,11/20/2022
Carnegie library (Herne Hill),Herne Hill Road,,,Lambeth,,10091838239,E09000022,Herne Hill,E05000423,532328.0001221001,175252.00012210011,-0.09500122979364134,51.460266753505195,11/20/2022
Brixton,Brixton Oval,,,Lambeth,,200000455963,E09000022,Coldharbour,E05000420,531067.0001221001,175255.00012210011,-0.11314288583830863,51.46058715999432,11/20/2022
Grove Vale Library,Grove Vale,,,Southwark,,200003443932,E09000028,Goose Green,E05011103,533526.0001221001,175376.00012210011,-0.07771833171788546,51.461099821839156,11/20/2022
Clapham,Clapham High Street,,,Lambeth,,10090197569,E09000022,Ferndale,E05000421,529746.6301269978,175444.07012939453,-0.1320707893259744,51.46259073248363,11/20/2022
East Sheen,Sheen Lane,,,Richmond upon Thames,,100023310505,E09000027,East Sheen,E05000517,520437.0001221001,175472.00012210011,-0.26602110529526213,51.46489979465594,11/20/2022
Battersea Library,Lavender Hill,,,Wandsworth,,100023297401,E09000032,Shaftesbury,E05000623,527626.0001221001,175493.00012210011,-0.16256627362656856,51.46351275869246,11/20/2022
Isleworth Library,Twickenham Road,Isleworth,,Hounslow,,100023407264,E09000018,Isleworth,E05000362,516090.0001221001,175537.6000976935,-0.32855585766422546,51.46639802918472,11/20/2022
Hounslow Library,High Street,Hounslow,,Hounslow,,100023402396,E09000018,Hounslow Central,E05000358,513801.1400756985,175622.09008789808,-0.36146863307654764,51.46762250035873,11/20/2022
Beavers Library,Salisbury Road,Hounslow,,Hounslow,,10093260482,E09000018,Cranford,E05000350,511477.5200805962,175804.75012210011,-0.394852683287813,51.46972704915963,11/20/2022
York Gardens Library,Lavender Road,,,Wandsworth,,10091844398,E09000032,Latchmere,E05000617,526674.0001221001,175825.00012210011,-0.17614574691859497,51.46671068866937,11/20/2022
Welling Library,Bellegrove Road,Welling,,Bexley,,100022920830,E09000004,Falconwood & Welling,E05011226,546407.0001221001,175832.00012210011,0.10778041494663955,51.46201211398792,11/20/2022
Hurlingham and Chelsea School and Community Library ,Peterborough Road,,,Hammersmith and Fulham,,34063756,E09000013,Sands End,E05000262,525368.0001221001,175859.00012210011,-0.1949274080102436,51.467307169617214,11/20/2022
Nunhead Library,Gordon Road,,,Southwark,,200003385977,E09000028,Nunhead & Queen's Road,E05011108,534876.0001221001,175876.00012210011,-0.05810446844269867,51.46527338871759,11/20/2022
Blackheath Village community library service,Blackheath Grove,,,Lewisham,,100023268086,E09000023,Blackheath,E05000438,539686.0001221001,176051.00012210011,0.011172243501786857,51.465679177859,11/20/2022
Minet,Knatchbull Road,,,Lambeth,,100021859495,E09000022,Vassall,E05000436,531686.0001221001,176405.00012210011,-0.10380842420102424,51.47077924154159,11/20/2022
Battersea Park Library,Battersea Park Road,,,Wandsworth,,100023301848,E09000032,Queenstown,E05000620,528272.0001221001,176662.00012210011,-0.15284662643862154,51.47387352230117,11/20/2022
Cranford Library,Bath Road,Hounslow,,Hounslow,,100023405818,E09000018,Cranford,E05000350,510761.1000976935,176669.50012210011,-0.4048928446718255,51.47764105729852,11/20/2022
Kew,North Road,Kew,,Richmond upon Thames,,100023410988,E09000027,Kew,E05000524,519224.0001221001,176678.00012210011,-0.28306971490180033,51.47599682688833,11/20/2022
Peckham Library,Peckham Hill Street,,,Southwark,,200003394812,E09000028,Peckham,E05011110,534180.0001221001,176814.00012210011,-0.06776288247969328,51.473869077103096,11/20/2022
Fulham,Fulham Road,,,Hammersmith and Fulham,,34044300,E09000013,Town,E05000264,524913.0001221001,176899.00012210011,-0.20110739192302024,51.476755444991845,11/20/2022
Camberwell Library,Camberwell Green,,,Southwark,,10090749181,E09000028,Camberwell Green,E05011096,532560.0001221001,176932.00012210011,-0.09103313772277206,51.47531156485251,11/20/2022
New Cross community library service,New Cross Road,,,Lewisham,,100023239028,E09000023,New Cross,E05000449,536307.0001221001,176997.00012210011,-0.03708193049854492,51.475005216838916,11/20/2022
North Heath Community Library,Mill Road,Erith,,Bexley,,10011846473,E09000004,Northumberland Heath,E05011228,550202.0001221001,177141.00012210011,0.1629309893437444,51.47278049401652,11/20/2022
Castelnau,Castelnau,,,Richmond upon Thames,,100023309520,E09000027,Barnes,E05000516,522481.0001221001,177173.00012210011,-0.23601796985203352,51.47975011803486,11/20/2022
Slade Green Community Library,Chrome Road,Erith,,Bexley,,10090794390,E09000004,Slade Green & Northend,E05011231,552262.4301147982,177182.63012699783,0.19259622506254778,51.472603770227245,11/20/2022
Osterley Library,St Marys Crescent,Isleworth,,Hounslow,,100023406343,E09000018,Osterley and Spring Grove,E05000363,514955.5001221001,177227.70007319748,-0.34433281419143313,51.48182162201309,11/20/2022
Tate South Lambeth,South Lambeth Road,,,Lambeth,,100023383422,E09000022,Oval,E05000426,530374.0001221001,177251.00012210011,-0.12237715262632173,51.478686725244586,11/20/2022
The Library at Deptford Lounge,Giffin Street,,,Lewisham,,10023235598,E09000023,New Cross,E05000449,537300.0001221001,177267.00012210011,-0.02268619191592593,51.47719159863241,11/20/2022
Blackheath Library,Old Dover Road,Blackheath,,Greenwich,,100023268277,E09000011,Blackheath Westcombe,E05000215,540485.0001221001,177273.00012210011,0.023154289682497123,51.47646341285181,11/20/2022
West Greenwich Library,Greenwich High Road,Greenwich,,Greenwich,,10010200468,E09000011,Greenwich West,E05000222,538202.0001221001,177324.00012210011,-0.009682215108510571,51.47748418682305,11/20/2022
Bostall Community Library,King Harolds Way,Bexleyheath,,Bexley,,100022923151,E09000004,West Heath,E05011233,548013.0001221001,177344.00012210011,0.1315177472138581,51.47518168944323,11/20/2022
Heston Library,New Heston Road,Hounslow,,Hounslow,,100023405372,E09000018,Heston Central,E05000355,512895.9000854939,177575.50012210011,-0.37387238927843497,51.48536290489623,11/20/2022
Brandon Library,Maddock Way,,,Southwark,,200003494326,E09000028,Newington,E05011105,531824.0001221001,177680.00012210011,-0.10134662505750766,51.482206295332276,11/20/2022
Charlton Library,Charlton Road,Charlton,,Greenwich,,100023280005,E09000011,Charlton,E05000216,541559.0001221001,177692.00012210011,0.03877864558956827,51.47996113129719,11/20/2022
Brentford Library ,Boston Manor Road,Brentford,,Hounslow,,100023408161,E09000018,Brentford,E05000347,517605.3001098931,177764.40008549392,-0.3060075435133904,51.486100934612296,11/20/2022
Erith Library,Erith High Street,Erith,,Bexley,,10023303354,E09000004,Erith,E05011225,551576.0001221001,177830.00012210011,0.1829970776023522,51.47860538110191,11/20/2022
Chelsea Library,King's Road,,,Kensington and Chelsea,,217105143,E09000020,Royal Hospital,E05009403,527281.0001221001,178093.00012210011,-0.16659362205173453,51.48695910686271,11/20/2022
Greenwich Centre Library,Lambarde Square,Greenwich,,Greenwich,,10010254284,E09000011,Peninsula,E05000225,539543.8601073995,178205.62011719495,0.00997827621431382,51.485077838231504,11/20/2022
Pimlico Library,Lupus Street,,,City of Westminster,,10033620911,E09000033,Tachbrook,E05000645,529431.0601195991,178225.92010499537,-0.13559204643247474,51.48766566066473,11/20/2022
Upper Belvedere Community Library,Woolwich Road,Belvedere,,Bexley,,100022921251,E09000004,Belvedere,E05011218,549051.0001221001,178290.00012210011,0.14685387975831532,51.48341009763109,11/20/2022
Durning,Kennington Lane,,,Lambeth,,100023229223,E09000022,Prince's,E05000427,531310.0001221001,178342.00012210011,-0.10849915430499907,51.48827568926103,11/20/2022
Brompton Library,Old Brompton Road,,,Kensington and Chelsea,,217060921,E09000020,Redcliffe,E05009402,525869.0001221001,178348.00012210011,-0.18683068444357206,51.489567156812875,11/20/2022
Chiswick Library,Dukes Avenue,,,Hounslow,,200002819006,E09000018,Turnham Green,E05000365,520819.2000731975,178405.40008549392,-0.2595176113895982,51.49118485890016,11/20/2022
Plumstead Library,Plumstead High Street,Plumstead,,Greenwich,,100023243067,E09000011,Plumstead,E05000226,545644.0001221001,178463.00012210011,0.0978883613268866,51.48585251737696,11/20/2022
Avonmore Library and Neighbourhood Centre,North End Crescent,,,Hammersmith and Fulham,,34058302,E09000013,Avonmore and Brook Green,E05000252,524563.0001221001,178594.00012210011,-0.20554708384805745,51.49206749449068,11/20/2022
Pepys community library service,Foreshore,,,Lewisham,,100023569428,E09000023,Evelyn,E05000443,536820.0001221001,178602.00012210011,-0.029077129224753806,51.48930583827672,11/20/2022
East Street Library,Old Kent Road,,,Southwark,,200003494660,E09000028,North Walworth,E05011107,533275.0001221001,178628.00012210011,-0.08010259079525231,51.4903863195971,11/20/2022
Woolwich Library,Love Lane,Woolwich,,Greenwich,,10010239328,E09000011,Woolwich Common,E05000229,543492.1801147982,178724.78009029478,0.0670213381123869,51.4887552149852,11/20/2022
Victoria Library,Buckingham Palace Road,,,City of Westminster,,10033616882,E09000033,Warwick,E05000647,528677.0001221001,178733.00012210011,-0.1462629959084742,51.49239532158983,11/20/2022
Harlington Library,Pinkwell Lane,Hayes,,Hillingdon,,10003001185,E09000017,Pinkwell,E05000337,508629.0001221001,178787.00012210011,-0.4349337982015378,51.49708916102797,11/20/2022
Hammersmith,Shepherd's Bush Road,,,Hammersmith and Fulham,,34027231,E09000013,Hammersmith Broadway,E05000256,523409.0001221001,178789.00012210011,-0.22209474494359385,51.494073299917204,11/20/2022
Blue Anchor Library,Market Place,,,Southwark,,200003408074,E09000028,South Bermondsey,E05011116,534520.0001221001,178882.00012210011,-0.062081863362978496,51.49237424087109,11/20/2022
Newington Temporary Library,Elephant Road,,,Southwark,,10093341252,E09000028,North Walworth,E05011107,532096.5100707933,178937.50012210011,-0.09695339741663699,51.49344456416777,11/20/2022
Northfields Library,Northfield Avenue,Ealing,,Ealing,,12004049,E09000009,Northfield,E05000182,517117.0001221001,179135.00012210011,-0.31258285297182986,51.498522089363604,11/20/2022
Express Library,St Ann's Street,,,City of Westminster,,100023338401,E09000033,St. James's,E05000644,529892.0001221001,179281.00012210011,-0.1285678050071439,51.497042714584985,11/20/2022
Abbey Wood Library,Eynsham Drive,Abbey Wood,,Greenwich,,10010232562,E09000011,Abbey Wood,E05000214,546586.0401000977,179312.37011719495,0.11180059336574943,51.49324187552629,11/20/2022
Cubitt Town library,Strattondale Street,,,Tower Hamlets,,6081796,E09000030,Blackwall & Cubitt Town,E05009318,538113.0001221001,179322.00012210011,-0.010181399406308892,51.49546215657028,11/20/2022
Waterloo,Kennington Road,,,Lambeth,,100023225318,E09000022,Bishop's,E05000416,531156.0001221001,179383.00012210011,-0.11032927623743574,51.49766755134802,11/20/2022
Canada Water Library,Surrey Quays Road,,,Southwark,,10090284129,E09000028,Rotherhithe,E05011112,535513.0001221001,179456.00012210011,-0.04756497723099625,51.49729577685604,11/20/2022
Southall Library (Dominion Centre and Library),Osterley Park Road,Southall,,Ealing,,12020455,E09000009,Norwood Green,E05000186,512596.0001221001,179517.00012210011,-0.3775706408866525,51.5028746727058,11/20/2022
Kensington Central Library,Phillimore Walk,,,Kensington and Chelsea,,217125485,E09000020,Campden,E05009390,525421.3201293945,179598.66009519994,-0.19283156003879473,51.500907631650286,11/20/2022
West Drayton Library,Station Road,West Drayton,,Hillingdon,,100023420922,E09000017,West Drayton,E05000342,506267.0001221001,179640.00012210011,-0.46869394596610564,51.505206082455466,11/20/2022
Askew Road,Askew Road,,,Hammersmith and Fulham,,34011906,E09000013,Askew,E05000251,522040.0001221001,179768.00012210011,-0.2414686398521277,51.503170049635074,11/20/2022
John Harvard Library,Borough High Street,,,Southwark,,200003356510,E09000028,Chaucer,E05011098,532534.0001221001,179818.00012210011,-0.09032366953784811,51.50125566453026,11/20/2022
Botwell Green Library,East Avenue,Hayes,,Hillingdon,,10022805611,E09000017,Townfield,E05000339,509897.0001221001,180025.00012210011,-0.4162868290814986,51.507972487712486,11/20/2022
Acton Town Hall Library,High Street,Acton,,Ealing,,12180771,E09000009,South Acton,E05000188,520308.0001221001,180030.00012210011,-0.26632407044214,51.50589642251715,11/20/2022
North Woolwich Library,Pier Parade,,,Newham,,10008995497,E09000025,Royal Docks,E05000491,543264.0001221001,180031.00012210011,0.06426703844034841,51.500551655565445,11/20/2022
Thamesmead Library,Binsey Walk,,,Bexley,,100020239019,E09000004,Thamesmead East,E05011232,547426.0001221001,180068.00012210011,0.12420836185194292,51.499813782504454,11/20/2022
Idea Store Canary Wharf,Churchill Place,,,Tower Hamlets,,6145802,E09000030,Canary Wharf,E05009323,537879.8500976935,180255.18011479825,-0.013173490727742574,51.503905656493366,11/20/2022
West Ealing Library,Melbourne Avenue,West Ealing,,Ealing,,12002863,E09000009,Walpole,E05000192,516370.0001221001,180282.00012210011,-0.32296211560002375,51.5089863747899,11/20/2022
Hanwell Library,Cherington Road,Hanwell,,Ealing,,12001465,E09000009,Elthorne,E05000176,515566.0001221001,180312.00012210011,-0.3345336470065891,51.509421076503564,11/20/2022
Mayfair Library,South Audley Street,,,City of Westminster,,100022802697,E09000033,West End,E05000649,528403.0001221001,180558.00012210011,-0.14954366962411675,51.50886038561382,11/20/2022
Ealing Central Library,The Broadway,Ealing,,Ealing,,12148296,E09000009,Ealing Broadway,E05000173,517900.0001221001,180633.00012210011,-0.30080585830313344,51.51182412233895,11/20/2022
Yiewsley Library,High Street,West Drayton,,Hillingdon,,100023420805,E09000017,Yiewsley,E05000345,505981.0001221001,180684.00012210011,-0.47249974447820564,51.51464462379722,11/20/2022
Notting Hill Gate Library,Pembridge Square,,,Kensington and Chelsea,,217105238,E09000020,Pembridge,E05009400,525187.0001221001,180690.00012210011,-0.19581855514618524,51.51076859215185,11/20/2022
Charing Cross Library,Charing Cross Road,,,City of Westminster,,10033531833,E09000033,St. James's,E05000644,529998.0001221001,180699.00012210011,-0.12651876174270293,51.50976289054028,11/20/2022
Thamesmere Library,Thamesmere Drive,Thamesmead,,Greenwich,,10010224992,E09000011,Thamesmead Moorings,E05000228,546471.4301147982,180864.29010009766,0.11079509767090803,51.50721775817244,11/20/2022
Idea Store Chrisp Street,Vesey Path,,,Tower Hamlets,,6173963,E09000030,Lansbury,E05009325,537880.1600952,181050.15008549392,-0.012858141987066543,51.511050042114036,11/20/2022
North Kensington Library,Ladbroke Grove,,,Kensington and Chelsea,,217048255,E09000020,Colville,E05009392,524353.0001221001,181269.00012210011,-0.20762743665517866,51.516156893858444,11/20/2022
Idea Store Watney Market,Commercial Road,,,Tower Hamlets,,6196250,E09000030,Shadwell,E05009332,534903.0001221001,181279.00012210011,-0.05565079483755291,51.5138255826647,11/20/2022
Shoe Lane,Little New Street,,,City and County of the City of London,,200000075492,E09000001,Castle Baynard,E05009297,531478.0001221001,181312.00012210011,-0.10497338917242037,51.51492977174707,11/20/2022
Paddington Library,Porchester Road,,,City of Westminster,,100023482172,E09000033,Bayswater,E05000631,525779.0001221001,181388.00012210011,-0.1870421947231544,51.516910703953755,11/20/2022
Artizan Street,Artizan Street,,,City and County of the City of London,,95511788,E09000001,Portsoken,E05009308,533544.0001221001,181390.00012210011,-0.07518397316927176,51.51514611257796,11/20/2022
Guildhall Library and City Business Library,Aldermanbury,,,City and County of the City of London,,100023529028,E09000001,Bassishaw,E05009290,532429.0001221001,181407.00012210011,-0.09123883304057374,51.51556141908711,11/20/2022
Yeading Library,Yeading Lane,Hayes,,Hillingdon,,100023417063,E09000017,Barnhill,E05000324,510818.0001221001,181424.00012210011,-0.4025800154736942,51.52036817626805,11/20/2022
Jubilee Gardens Library,Jubilee Gardens,Southall,,Ealing,,12000640,E09000009,Lady Margaret,E05000181,513221.0001221001,181517.00012210011,-0.36792630582305313,51.52072746535537,11/20/2022
Custom House Library,Prince Regent Lane,,,Newham,,10008990024,E09000025,Custom House,E05000479,541051.0001221001,181540.00012210011,0.03300573504676005,51.514669452689986,11/20/2022
Beckton Library,Kingsford Way,,,Newham,,10008997116,E09000025,Beckton,E05000475,542716.0001221001,181570.00012210011,0.056999433050283814,51.514520834476976,11/20/2022
Canning Town Library,Barking Road,,,Newham,,10008988046,E09000025,Canning Town North,E05000477,539633.0001221001,181744.00012210011,0.012662185302805268,51.51685509941209,11/20/2022
Marylebone Library,Beaumont Street,,,City of Westminster,,100022725022,E09000033,Marylebone High Street,E05000641,528405.0001221001,181811.00012210011,-0.14905833844520666,51.520121631044,11/20/2022
Barbican,Silk Street,,,City and County of the City of London,,200000072620,E09000001,Cripplegate,E05009302,532329.0001221001,181837.00012210011,-0.09251783735356144,51.51944947796296,11/20/2022
Idea Store Whitechapel,Whitechapel Road,,,Tower Hamlets,,6000711,E09000030,Spitalfields & Banglatown,E05009333,534833.0001221001,181883.00012210011,-0.05642797094463528,51.519270627421115,11/20/2022
Holborn Library,Theobald's Road,,,Camden,,5082117,E09000007,Holborn and Covent Garden,E05000138,530827.0001221001,181934.00012210011,-0.1141200001893106,51.520671220693046,11/20/2022
Hayes End Library,Uxbridge Road,Hayes,,Hillingdon,,100023417260,E09000017,Charville,E05000328,508588.0001221001,181944.00012210011,-0.43455168921553483,51.52547573021065,11/20/2022
Little Venice Sports Centre Library,Crompton Street,,,City of Westminster,,10033612553,E09000033,Little Venice,E05000639,526558.0001221001,181977.00012210011,-0.17560834712473425,51.52203056662462,11/20/2022
Church Street Library,Church Street,,,City of Westminster,,10033532267,E09000033,Church Street,E05000634,527044.0001221001,182044.00012210011,-0.16858211382013918,51.52252362356235,11/20/2022
Kensal Library,Golborne Road,,,Kensington and Chelsea,,217035223,E09000020,Golborne,E05009396,524496.0001221001,182071.00012210011,-0.2052839834576391,51.523333817141435,11/20/2022
Rainham Library,Celtic Farm Road,Rainham,,Havering,,10024389958,E09000016,Rainham and Wennington,E05000318,552120.5401000977,182091.40008549392,0.19267087758305462,51.51675180905318,11/20/2022
Pitshanger Library,Pitshanger Lane,Ealing,,Ealing,,12132976,E09000009,Cleveland,E05000171,517064.0001221001,182123.00012210011,-0.3123537302508332,51.5253909662938,11/20/2022
Maida Vale Library,Sutherland Avenue,,,City of Westminster,,100023511234,E09000033,Westbourne,E05000648,525633.0001221001,182191.00012210011,-0.18885912827912196,51.524160546601614,11/20/2022
Local History Library,Bancroft Road,,,Tower Hamlets,,6033654,E09000030,Bethnal Green,E05009317,535908.0001221001,182361.00012210011,-0.0407575146459102,51.52330884228447,11/20/2022
Queen's Park library,Harrow Road,,,City of Westminster,,100023433123,E09000033,Queen's Park,E05000642,524206.0001221001,182418.00012210011,-0.2093400135755624,51.526516542976374,11/20/2022
Greenford Library,Oldfield Lane South,Greenford,,Ealing,,12001186,E09000009,Greenford Broadway,E05000177,514188.0001221001,182493.00012210011,-0.35367679486843284,51.52930578169849,11/20/2022
Finsbury Library,St John Street,,,Islington,,5300084848,E09000019,Clerkenwell,E05000370,531587.0001221001,182544.00012210011,-0.10294311761155996,51.52597704259145,11/20/2022
Bethnal Green library,Cambridge Heath Road,,,Tower Hamlets,,6036905,E09000030,Bethnal Green,E05009317,535110.0001221001,182631.00012210011,-0.052150698123345135,51.52592690651321,11/20/2022
Charville Library,Bury Avenue,Hayes,,Hillingdon,,100023417465,E09000017,Charville,E05000328,509162.0001221001,182970.00012210011,-0.4259619306028602,51.53458782412631,11/20/2022
Shoreditch Library,Hoxton Street,,,Hackney,,100023135480,E09000012,Hoxton East & Shoreditch,E05009377,533283.0001221001,183028.00012210011,-0.07832382810569173,51.52992914046137,11/20/2022
Thames View,Bastable Avenue,Barking,,Barking and Dagenham,,10091588559,E09000002,Thames,E05000039,546085.0001221001,183094.00012210011,0.1061546725750736,51.527354873321,11/20/2022
Plaistow Library,North Street,,,Newham,,46096940,E09000025,Plaistow North,E05000489,540606.0001221001,183143.00012210011,0.02723595480581566,51.529186305557985,11/20/2022
St John's Wood Library,Circus Road,,,City of Westminster,,10033532542,E09000033,Abbey Road,E05000630,526857.0001221001,183231.00012210011,-0.17084876016621112,51.53323427636202,11/20/2022
Pancras Square Library,Pancras Square,,,Camden,,5172479,E09000007,St. Pancras and Somers Town,E05000143,530050.0001221001,183321.00012210011,-0.12480184708438805,51.533316556335116,11/20/2022
Camden Town Library,Eversholt Street,,,Camden,,5021816,E09000007,Regent's Park,E05000142,529261.0001221001,183348.00012210011,-0.1361620716119107,51.5337404540244,11/20/2022
Idea Store Bow,Gladstone Place,,,Tower Hamlets,,6053810,E09000030,Bow East,E05009319,536745.0001221001,183356.00012210011,-0.028312672679151996,51.53204897207915,11/20/2022
East Ham Library,Barking Road,,,Newham,,46253323,E09000025,East Ham Central,E05000480,542666.0001221001,183488.00012210011,0.05705606061287467,51.53176990372555,11/20/2022
Kilburn Library Centre,Kilburn High Road,,,Camden,,5134480,E09000007,Kilburn,E05000140,525553.0001221001,183493.00012210011,-0.18954753898613244,51.53588067598411,11/20/2022
South Hornchurch Library,Rainham Road,Rainham,,Havering,,100023214503,E09000016,South Hornchurch,E05000321,551835.120117195,183523.98010249436,0.189177529884499,51.52970163229515,11/20/2022
Northolt Library,Church Road,Northolt,,Ealing,,12140961,E09000009,Northolt West End,E05000185,512071.0001221001,183539.00012210011,-0.38385276906297605,51.53913238529533,11/20/2022
Harlesden,Craven Park Road,,,Brent,,202110706,E09000005,Harlesden,E05000091,521431.0001221001,183648.00012210011,-0.2489022111384474,51.538175756675884,11/20/2022
Oak Farm Library,Sutton Court Road,Uxbridge,,Hillingdon,,100023414220,E09000017,Hillingdon East,E05000332,507581.0001221001,183656.00012210011,-0.4485400658357989,51.541057942675,11/20/2022
Lewis Carroll Children's Library,Copenhagen Street,,,Islington,,10012791189,E09000019,Caledonian,E05000368,530671.0001221001,183698.00012210011,-0.11571286470390038,51.53656146079448,11/20/2022
Perivale Library,Horsenden Lane South,Perivale,,Ealing,,12003797,E09000009,Perivale,E05000187,516324.0001221001,183742.00012210011,-0.32248201001428634,51.54009645320891,11/20/2022
Green Street Library,Green Street,,,Newham,,10009001054,E09000025,Green Street East,E05000485,541256.0001221001,183906.00012210011,0.036907327113702385,51.535880953896786,11/20/2022
South Library,Essex Road,,,Islington,,5300031416,E09000019,St. Mary's,E05000379,531953.0001221001,183950.00012210011,-0.09714275322884533,51.538528044233615,11/20/2022
Barking,Town Square,Barking,,Barking and Dagenham,,100053358,E09000002,Abbey,E05000026,544343.0001221001,183985.00012210011,0.0814229038193994,51.53580989944181,11/20/2022
Uxbridge Library,High Street,Uxbridge,,Hillingdon,,100023421562,E09000017,Uxbridge South,E05000341,505618.0001221001,184018.00012210011,-0.47672958039197655,51.544682887519016,11/20/2022
Chalk Farm (now Primrose Hill Community Library),Sharpleshall Street,,,Camden,,5154072,E09000007,Camden Town with Primrose Hill,E05000130,527929.0001221001,184081.00012210011,-0.15509123040874856,51.540631958109614,11/20/2022
West Library,Bridgeman Road,,,Islington,,5300011807,E09000019,Caledonian,E05000368,530738.0001221001,184108.00012210011,-0.1145949767477778,51.54023085085222,11/20/2022
Swiss Cottage Library,Avenue Road,,,Camden,,5061473,E09000007,Swiss Cottage,E05000144,526779.0001221001,184180.00012210011,-0.17163098599782725,51.541781286796045,11/20/2022
Stratford Library,The Grove,,,Newham,,46101428,E09000025,Stratford and New Town,E05000492,539090.0001221001,184556.00012210011,0.005951316191978111,51.54226037865868,11/20/2022
Willesden Green,High Road,,,Brent,,202216288,E09000005,Willesden Green,E05000105,522904.0001221001,184570.00012210011,-0.22734960998030496,51.54614395884296,11/20/2022
Dagenham,Church Elm Lane,Dagenham,,Barking and Dagenham,,10023599312,E09000002,Village,E05000041,549090.0001221001,184574.00012210011,0.15007300421912725,51.53986884520556,11/20/2022
Northolt Leisure Centre Library,Eastcote Lane North,Northolt,,Ealing,,12173354,E09000009,Northolt Mandeville,E05000184,513222.0900878981,184595.2100829929,-0.3669205067274702,51.54839666061428,11/20/2022
Hackney Central Library,Reading Lane,,,Hackney,,10008243137,E09000012,Hackney Central,E05009372,534895.0001221001,184633.00012210011,-0.05448119857964057,51.54397082115478,11/20/2022
Dalston CLR James Library,Dalston Square,,,Hackney,,10008322989,E09000012,Dalston,E05009370,533651.8601073995,184774.5800780952,-0.07234559078147938,51.545539073057796,11/20/2022
Ealing Road,Ealing Road,Wembley,,Brent,,202102174,E09000005,Wembley Central,E05000104,518147.0001221001,184778.00012210011,-0.2958568744664641,51.54902977530435,11/20/2022
Belsize Community Library,Antrim Road,,,Camden,,5045720,E09000007,Belsize,E05000128,527523.0001221001,184823.00012210011,-0.16067410142327507,51.547392800167074,11/20/2022
Mildmay Library,Mildmay Park,,,Islington,,5300062563,E09000019,Mildmay,E05000377,532928.0001221001,184929.00012210011,-0.08272113128320258,51.54709790859908,11/20/2022
West Hampstead Library,Dennington Park Road,,,Camden,,5037144,E09000007,West Hampstead,E05000145,525481.0001221001,185041.00012210011,-0.19003314024441795,51.549810036826976,11/20/2022
Barham Park,Harrow Road,Wembley,,Brent,,202209694,E09000005,Sudbury,E05000101,517170.0001221001,185050.00012210011,-0.3098518006725501,51.551678417911205,11/20/2022
Wood End Library,Whitton Avenue West,Greenford,,Ealing,,12001293,E09000009,North Greenford,E05000183,514504.0001221001,185055.00012210011,-0.34828916466953797,51.55227084142402,11/20/2022
Islington Central Library,Fieldway Crescent,,,Islington,,5300033298,E09000019,Highbury East,E05000372,531341.0001221001,185069.00012210011,-0.10554530774297236,51.54872783904106,11/20/2022
Kentish Town Library,Kentish Town Road,,,Camden,,5085726,E09000007,Kentish Town,E05000139,529029.0001221001,185096.00012210011,-0.1388644494468259,51.549504027359674,11/20/2022
Queens Crescent Library,Queen's Crescent,,,Camden,,5055133,E09000007,Gospel Oak,E05000134,528284.0001221001,185130.00012210011,-0.14959200258692473,51.549979513484544,11/20/2022
The Gate Library ,Woodgrange Road,,,Newham,,10008993577,E09000025,Forest Gate South,E05000484,540542.0001221001,185145.00012210011,0.02711326977660007,51.54719384986323,11/20/2022
Homerton Library,Homerton High Street,,,Hackney,,100023022501,E09000012,King's Park,E05009379,535875.0001221001,185158.00012210011,-0.040153268611237115,51.54845395238637,11/20/2022
John Barnes Library,Rowstock Gardens,,,Islington,,10093108781,E09000019,Holloway,E05000375,530042.0001221001,185225.00012210011,-0.12421346734390343,51.55043082981359,11/20/2022
Uphall School Library,Uphall Road,Ilford,,Redbridge,,100023043973,E09000026,Loxford,E05011247,543775.0001221001,185266.00012210011,0.07376153370784565,51.54746663789085,11/20/2022
South Ruislip Library,Victoria Road,Ruislip,,Hillingdon,,10003002133,E09000017,South Ruislip,E05000338,511354.41009519994,185492.51007079333,-0.3935636920703469,51.556834138190055,11/20/2022
Manor Park Library,Romford Road,,,Newham,,10008990819,E09000025,Manor Park,E05000488,542022.0001221001,185522.00012210011,0.04859772402700572,51.55021122439191,11/20/2022
Keats Community Library,Keats Grove,,,Camden,,5085918,E09000007,Hampstead Town,E05000135,527089.0001221001,185656.00012210011,-0.16662941254722766,51.554977586188116,11/20/2022
Cricklewood,Olive Road,,,Brent,,202217896,E09000005,Mapesbury,E05000095,522984.0001221001,185708.00012210011,-0.22579839332704804,51.55635500002204,11/20/2022
Elm Park Library,St Nicholas Avenue,Hornchurch,,Havering,,100023214017,E09000016,St. Andrew's,E05000320,552519.7800902948,186025.45007319748,0.20012538064998886,51.551994824857985,11/20/2022
Ickenham Library,Community Close,Ickenham,,Hillingdon,,100023413527,E09000017,Ickenham,E05000333,507986.0001221001,186108.00012210011,-0.4419487814797494,51.56302185995087,11/20/2022
Roxeth,Northolt Road,Harrow,,Harrow,,200000307802,E09000015,Roxeth,E05000302,514017.0001221001,186139.00012210011,-0.3549594069565142,51.56211325217232,11/20/2022
Harrow Green Community Library,Cathall Road,Leytonstone,,Waltham Forest,,100022963778,E09000031,Cathall,E05000591,539190.0001221001,186268.00012210011,0.00807007853008002,51.557621301993976,11/20/2022
North Library,Manor Gardens,,,Islington,,5300060053,E09000019,Finsbury Park,E05000371,530295.0001221001,186286.00012210011,-0.1201730082702408,51.55990827296202,11/20/2022
Leyton Library,High Road Leyton,Leyton,,Waltham Forest,,10009148520,E09000031,Leyton,E05000604,538217.0001221001,186309.00012210011,-0.005941923261564423,51.558229060691495,11/20/2022
Childs Hill ,Cricklewood Lane,,,Barnet,,200219960,E09000003,Childs Hill,E05000045,524820.5300902948,186344.07012939453,-0.19909221789125597,51.56166852279702,11/20/2022
Redbridge Central Library,Clements Road,Ilford,,Redbridge,,100023043071,E09000026,Ilford Town,E05011246,543963.0001221001,186394.00012210011,0.07693303918424754,51.557555486957405,11/20/2022
Upminster Library,Corbets Tey Road,Upminster,,Havering,,100023215782,E09000016,Upminster,E05000323,555950.1600952,186423.98010249436,0.24974536913711162,51.55463794166202,11/20/2022
Stoke Newington Library,Stoke Newington Church Street,,,Hackney,,100023154905,E09000012,Clissold,E05009369,532992.0001221001,186490.00012210011,-0.08120818580739644,51.56111212368424,11/20/2022
Valence,Becontree Avenue,Dagenham,,Barking and Dagenham,,100002559,E09000002,Valence,E05000040,548019.0001221001,186568.00012210011,0.13547847390991224,51.55806921020427,11/20/2022
Goodmayes Library,Goodmayes Lane,Ilford,,Redbridge,,100023050383,E09000026,Mayfield,E05011248,546292.1000976935,186609.5800780952,0.11059999201213912,51.55889344242594,11/20/2022
Highgate Library,Chester Road,,,Camden,,5090720,E09000007,Highgate,E05000137,528739.0001221001,186620.00012210011,-0.14248703587607095,51.56326752323644,11/20/2022
Clapton Library,Northwold Road,,,Hackney,,100023005817,E09000012,Cazenove,E05009368,534574.0001221001,186648.45007319748,-0.058336643975630376,51.56216084122055,11/20/2022
N4 Library,Blackstock Road,,,Islington,,10001298318,E09000019,Highbury West,E05000373,531549.0001221001,186699.00012210011,-0.10193701829442835,51.56332897539022,11/20/2022
Archway Library,Highgate Hill,,,Islington,,10012791132,E09000019,Junction,E05000376,529320.0001221001,186847.00012210011,-0.13402530604386248,51.56517476642984,11/20/2022
Aldersbrook Library,Park Road,,,Redbridge,,100023583395,E09000026,Wanstead Park,E05011254,541013.0001221001,186901.00012210011,0.034606393193318145,51.56285706081323,11/20/2022
Preston,Carlton Avenue East,Wembley,,Brent,,202120286,E09000005,Preston,E05000097,518210.0001221001,187078.00012210011,-0.294175125211397,51.56968996359486,11/20/2022
Ruislip Manor Library,Linden Avenue,Ruislip,,Hillingdon,,10022800920,E09000017,Manor,E05000334,510181.0001221001,187135.00012210011,-0.40996965150027537,51.571828853184336,11/20/2022
Seven Kings Library,High Road,Ilford,,Redbridge,,10034922466,E09000026,Seven Kings,E05011251,545642.0001221001,187187.00012210011,0.10146687046961476,51.56425060468767,11/20/2022
Leytonstone Library,Church Lane,Leytonstone,,Waltham Forest,,100023583898,E09000031,Leytonstone,E05000605,539430.0001221001,187392.00012210011,0.011976134530446178,51.567663254144904,11/20/2022
Woodberry Down Library,Kayani Avenue,,,Hackney,,10008328988,E09000012,Woodberry Down,E05009387,532374.6500854939,187416.20007319748,-0.08976098604822931,51.56958151479407,11/20/2022
Hornchurch Library,North Street,Hornchurch,,Havering,,100023516053,E09000016,St. Andrew's,E05000320,554008.0300902948,187449.5601195991,0.22220022639913808,51.56438704761446,11/20/2022
Stamford Hill Library,Portland Avenue,,,Hackney,,100023159219,E09000012,Springfield,E05009383,533686.0001221001,187482.00012210011,-0.07082393363084627,51.56986343314923,11/20/2022
Lea Bridge Library,Lea Bridge Road,Leyton,,Waltham Forest,,200001422209,E09000031,Lea Bridge,E05000603,537075.0001221001,187610.00012210011,-0.02189949563109278,51.570199928359195,11/20/2022
Manor Farm Library,Bury Street,Ruislip,,Hillingdon,,100023034184,E09000017,Eastcote and East Ruislip,E05000329,508996.0001221001,187740.00012210011,-0.42687573274120233,51.57749758542562,11/20/2022
Golders Green ,Golders Green Road,,,Barnet,,200049056,E09000003,Childs Hill,E05000045,524710.7501221001,187741.63012699783,-0.2001792027963,51.57425403018267,11/20/2022
Eastcote Library,Field End Road,Ruislip,,Hillingdon,,100023034643,E09000017,Eastcote and East Ruislip,E05000329,510920.41009519994,188045.76007079333,-0.39901596585883037,51.579870545995895,11/20/2022
Robert Jeyes Community Library,High Road,Chadwell Heath,,Barking and Dagenham,,100101901,E09000002,Whalebone,E05000042,548608.0001221001,188149.00012210011,0.14463819755487395,51.57212135193013,11/20/2022
Stroud Green and Harringay Library,Stapleton Hall Road,,,Haringey,,100023191010,E09000014,Stroud Green,E05000279,531311.0001221001,188219.00012210011,-0.10480083494715371,51.57704541489623,11/20/2022
Hornsey Library,Haringey Park,,,Haringey,,10022939468,E09000014,Crouch End,E05000269,530233.0001221001,188271.00012210011,-0.1203311709220847,51.57776290047537,11/20/2022
Wanstead Library,Spratt Hall Road,,,Redbridge,,100022960264,E09000026,Wanstead Village,E05011255,540440.0001221001,188279.00012210011,0.026895284042304967,51.575383831320906,11/20/2022
Gayton,St Johns Road,Harrow,,Harrow,,10070263324,E09000015,Greenhill,E05000288,515684.4000854939,188298.30010989308,-0.3302018743467672,51.58118266819803,11/20/2022
Keith Axon Library,Grove Road,Romford,,Redbridge,,10090503264,E09000026,Chadwell,E05011237,547098.2100829929,188300.2100829929,0.12292914859311357,51.57387615545674,11/20/2022
Gants Hill Library,Cranbrook Road,Ilford,,Redbridge,,10034912233,E09000026,Barkingside,E05011235,543537.0001221001,188560.00012210011,0.0716763661593868,51.57712887251374,11/20/2022
St Ann's Library,Cissbury Road,,,Haringey,,100023153820,E09000014,St. Ann's,E05000277,532924.0001221001,188636.00012210011,-0.08137666242705024,51.58041501862387,11/20/2022
Kingsbury,Kingsbury Road,,,Brent,,202078174,E09000005,Queensbury,E05000099,519507.0001221001,188870.00012210011,-0.2748580063107426,51.58552354997522,11/20/2022
Garden Suburb Community Library ,Falloden Way,,,Barnet,,200207760,E09000003,Garden Suburb,E05000052,525956.2901000977,189057.17010499537,-0.18174135695139326,51.585800948364046,11/20/2022
Gidea Park Library,Balgores Lane,Romford,,Havering,,100023216148,E09000016,Squirrel's Heath,E05000322,552940.9801024944,189098.1000976935,0.20753371970786016,51.579490792745766,11/20/2022
Romford Central Library,St Edwards Way,Romford,,Havering,,100023211636,E09000016,Romford Town,E05000319,551386.9600829929,189138.12011719495,0.1851380658952052,51.580269995179506,11/20/2022
Walthamstow Library,High Street,Walthamstow,,Waltham Forest,,100022983155,E09000031,High Street,E05000599,537204.0001221001,189146.00012210011,-0.01943898419990781,51.58397259861616,11/20/2022
Hendon,The Burroughs,,,Barnet,,200222812,E09000003,Hendon,E05000055,522790.18011479825,189234.2100829929,-0.22736036142784594,51.58809112826577,11/20/2022
Pinner,Marsh Road,Pinner,,Harrow,,100023037203,E09000015,Pinner South,E05000298,512285.98010249436,189302.93011479825,-0.3789120758243705,51.590900515380305,11/20/2022
Marcus Garvey Library,Philip Lane,,,Haringey,,100023153172,E09000014,Tottenham Green,E05000280,533522.0001221001,189460.00012210011,-0.07243694735977974,51.58767916930498,11/20/2022
Kenton,Kenton Lane,Harrow,,Harrow,,200000313248,E09000015,Kenton West,E05000295,517078.0001221001,189550.00012210011,-0.30967833691774194,51.59214569465262,11/20/2022
Marks Gate,Rose Lane,Chadwell Heath,,Barking and Dagenham,,10002167212,E09000002,Chadwell Heath,E05000029,548073.0001221001,189556.00012210011,0.13751644782470865,51.58490561476106,11/20/2022
Muswell Hill Library,Queens Avenue,,,Haringey,,100023143844,E09000014,Fortis Green,E05000270,528710.0001221001,189663.00012210011,-0.1417898780822331,51.59062358746241,11/20/2022
Wealdstone,High Street,Harrow,,Harrow,,200004437046,E09000015,Marlborough,E05000296,515433.0001221001,189679.00012210011,-0.3333747977763232,51.593644737608095,11/20/2022
Clayhall Library,Claybury Broadway,Ilford,,Redbridge,,100023051395,E09000026,Clayhall,E05011239,542069.0001221001,189928.00012210011,0.0510569850657872,51.58979451570923,11/20/2022
East Finchley,High Road,,,Barnet,,200061457,E09000003,East Finchley,E05000049,527027.2100829929,189931.74011229724,-0.16597384312028893,51.5934209408349,11/20/2022
Wood Street Library,Forest Road,Walthamstow,,Waltham Forest,,200001418727,E09000031,Wood Street,E05000609,538332.0001221001,189965.00012210011,-0.0028439152101624007,51.591057076128365,11/20/2022
Wood Green Central Library and Customer Services,High Road,,,Haringey,,100023178365,E09000014,Noel Park,E05000275,531034.0001221001,190212.00012210011,-0.10805233238827805,51.59502191245585,11/20/2022
Fullwell Cross Library,High Street,Ilford,,Redbridge,,10013585783,E09000026,Fairlop,E05011242,544542.0001221001,190321.00012210011,0.08689642005347464,51.59269709392773,11/20/2022
Higham Hill Library,North Countess Road,Walthamstow,,Waltham Forest,,100022981657,E09000031,Higham Hill,E05000600,536724.0001221001,190391.00012210011,-0.025878335764788735,51.59527812590687,11/20/2022
Northwood Hills Library,Potter Street,Northwood,,Hillingdon,,100023037608,E09000017,Northwood Hills,E05000336,510332.0001221001,190528.00012210011,-0.406724744188079,51.60229863993526,11/20/2022
Alexandra Park Library,Alexandra Park Road,,,Haringey,,100023179968,E09000014,Alexandra,E05000266,529144.0001221001,190532.00012210011,-0.13520779501435068,51.5983344781319,11/20/2022
Church End ,Hendon Lane,,,Barnet,,200218220,E09000003,Finchley Church End,E05000051,524952.5900878981,190536.80010989308,-0.19569566230737,51.599323214604425,11/20/2022
Harefield Library,Park Lane,Harefield,,Hillingdon,,100023564754,E09000017,Harefield,E05000330,505159.0001221001,190596.00012210011,-0.48137732668438027,51.60389981381678,11/20/2022
South Woodford Library and Gym,High Road,,,Redbridge,,10034922615,E09000026,Churchfields,E05011238,540144.3001098931,190635.00012210011,0.023571197741990742,51.59663024907063,11/20/2022
Colindale,The Concourse,,,Barnet,,200222825,E09000003,Colindale,E05000046,521638.4600829929,190675.12011719495,-0.24347888461365944,51.60129207279496,11/20/2022
South Friern ,Colney Hatch Lane,,,Barnet,,200147125,E09000003,Coppetts,E05000047,528327.3801269978,190689.26007079333,-0.14693528573152184,51.599934550746,11/20/2022
Harold Wood Library,Arundel Road,Romford,,Havering,,100023216526,E09000016,Harold Wood,E05000312,554940.3001098931,190775.6000976935,0.2371086984207637,51.594017883772516,11/20/2022
Burnt Oak ,Watling Avenue,Edgware,,Barnet,,200155264,E09000003,Burnt Oak,E05000044,520377.1101073995,190808.84008789808,-0.26163843835029277,51.6027650390111,11/20/2022
Collier Row Library,Collier Row Road,Romford,,Havering,,100023217675,E09000016,Mawneys,E05000316,549759.3601073995,191059.1000976935,0.16248297385042185,51.59796672334206,11/20/2022
Coombes Croft Library,High Road,,,Haringey,,100023165934,E09000014,Northumberland Park,E05000276,533874.0001221001,191191.00012210011,-0.06669786693967332,51.60315254497201,11/20/2022
Northwood Library,Green Lane,Northwood,,Hillingdon,,100023564110,E09000017,Northwood,E05000335,509163.0001221001,191564.00012210011,-0.4232764165138788,51.61183903001226,11/20/2022
Woodford Green Library,Snakes Lane West,Woodford Green,,Redbridge,,200001843478,E09000026,Monkhams,E05011249,540831.0001221001,191818.00012210011,0.03395499335138501,51.60709020205249,11/20/2022
Hale End Library,Castle Avenue,Chingford,,Waltham Forest,,100023583807,E09000031,Hatch Lane,E05000598,538667.0001221001,191938.00012210011,0.002769562495754169,51.60870578152236,11/20/2022
Hainault Library,Manford Way,Chigwell,,Redbridge,,10034923013,E09000026,Hainault,E05011245,545801.3001098931,192008.70007319748,0.10576666858012246,51.60753868990425,11/20/2022
Friern Barnet Community Library ,Friern Barnet Road,,,Barnet,,200044867,E09000003,Coppetts,E05000047,527950.7000731975,192137.57012939453,-0.15184292780019892,51.61303718567348,11/20/2022
Fore Street,Fore Street,Edmonton,,Enfield,,207015248,E09000010,Upper Edmonton,E05000212,534056.0001221001,192143.00012210011,-0.06370711752452511,51.61166506154803,11/20/2022
Mill Hill ,Hartley Avenue,,,Barnet,,200057669,E09000003,Mill Hill,E05000057,521739.79010009766,192190.3900756985,-0.24149010251579142,51.61488957721529,11/20/2022
Harold Hill Library,Hilldene Avenue,Romford,,Havering,,100023217029,E09000016,Gooshays,E05000310,553714.5701293945,192208.86010739952,0.22005353924990168,51.60723240877439,11/20/2022
Edgware ,Hale Lane,Edgware,,Barnet,,200220766,E09000003,Edgware,E05000050,519595.87011719495,192238.0200805962,-0.27242709703681056,51.61577734430174,11/20/2022
Angel Raynham,Raynham Avenue,Edmonton,,Enfield,,207017246,E09000010,Upper Edmonton,E05000212,534353.0001221001,192254.00012210011,-0.059377368501508695,51.61259182821021,11/20/2022
Bowes Road,Bowes Road,Southgate,,Enfield,,207045509,E09000010,Southgate Green,E05000209,529524.0001221001,192388.00012210011,-0.12903812471218698,51.61492809486726,11/20/2022
Stanmore,Stanmore Hill,Stanmore,,Harrow,,100023038856,E09000015,Stanmore Park,E05000303,516985.0001221001,192417.00012210011,-0.3100637171809983,51.617934854374425,11/20/2022
Palmers Green,Green Lanes,Southgate,,Enfield,,207015887,E09000010,Palmers Green,E05000205,530909.9100952,192440.99011229724,-0.10901066828895221,51.61508369495012,11/20/2022
Millfield House,Silver Street,Edmonton,,Enfield,,207180891,E09000010,Haselbury,E05000201,532934.0001221001,192584.00012210011,-0.07973604521855414,51.615894541263536,11/20/2022
North Finchley ,Ravensdale Avenue,,,Barnet,,200097082,E09000003,Woodhouse,E05000063,526381.3300780952,192658.68011479825,-0.17431092914352178,51.61807536195456,11/20/2022
South Chingford Community Library,Chingford Mount Road,Chingford,,Waltham Forest,,100023000149,E09000031,Valley,E05000607,537333.0001221001,192724.00012210011,-0.016176907112608375,51.61609652287696,11/20/2022
Edmonton Green,South Mall,Edmonton,,Enfield,,207189578,E09000010,Edmonton Green,E05000197,534523.0001221001,193461.00012210011,-0.05645990059783024,51.62339871447956,11/20/2022
Winchmore Hill,Green Lanes,Southgate,,Enfield,,207036897,E09000010,Winchmore Hill,E05000213,531716.0001221001,193889.00012210011,-0.09682909079705905,51.627909410026746,11/20/2022
Osidge,Brunswick Park Road,,,Barnet,,200140830,E09000003,Brunswick Park,E05000043,528206.9901122972,194011.44012449682,-0.14745717693680427,51.629820494658134,11/20/2022
Southgate Circus,High Street,Southgate,,Enfield,,207180633,E09000010,Southgate,E05000208,529641.0001221001,194056.00012210011,-0.1267316322466852,51.62989232448405,11/20/2022
North Chingford Library,The Green,Chingford,,Waltham Forest,,100022999962,E09000031,Chingford Green,E05000593,538716.0001221001,194437.00012210011,0.004466399531011997,51.6311517675269,11/20/2022
Ridge Avenue,Ridge Avenue,Southgate,,Enfield,,207111058,E09000010,Bush Hill Park,E05000194,532833.0001221001,194783.00012210011,-0.08035997394528918,51.635681382539474,11/20/2022
East Barnet ,Brookhill Road,Barnet,,Barnet,,200016111,E09000003,East Barnet,E05000048,527306.4201049954,195554.2100829929,-0.15990157841186542,51.64389091163575,11/20/2022
John Jackson,Agricola Place,Enfield,,Enfield,,207040251,E09000010,Southbury,E05000207,533875.0001221001,195840.00012210011,-0.06490625250981126,51.64493374445096,11/20/2022
Ponders End,High Street,Enfield,,Enfield,,207000261,E09000010,Ponders End,E05000206,535187.0001221001,195852.00012210011,-0.0459491574778582,51.64472765624105,11/20/2022
Oakwood,Bramley Road,Southgate,,Enfield,,207148238,E09000010,Cockfosters,E05000196,529531.0001221001,196106.00012210011,-0.12756128358988816,51.64834201718153,11/20/2022
Enfield Town,Church Street,Enfield,,Enfield,,207011262,E09000010,Grange,E05000200,532493.0001221001,196500.00012210011,-0.0846202179477749,51.65119270608855,11/20/2022
Chipping Barnet ,Stapylton Road,Barnet,,Barnet,,200107378,E09000003,High Barnet,E05000056,524281.2501221001,196788.26007079333,-0.2031656184359825,51.65565921489958,11/20/2022
Enfield Highway,Hertford Road,Enfield,,Enfield,,207035798,E09000010,Enfield Highway,E05000198,535152.0001221001,197376.00012210011,-0.0458656709829349,51.65843232144729,11/20/2022
Enfield Island Village,Island Centre Way,Enfield,,Enfield,,207193973,E09000010,Enfield Lock,E05000199,537269.0001221001,198492.00012210011,-0.014837633950501408,51.66794853399007,11/20/2022
Ordnance Unity Centre,Hertford Road,Enfield,,Enfield,,207144176,E09000010,Enfield Lock,E05000199,535676.0001221001,198853.00012210011,-0.037720476920057706,51.67157982081782,11/20/2022
Bullsmoor,Kempe Road,Enfield,,Enfield,,207178047,E09000010,Turkey Street,E05000211,534960.0001221001,199317.00012210011,-0.0478901529246998,51.67592228688173,11/20/2022
West Norwood Library and Picturehouse,1-7 Norwood High St,,,Lambeth,,010000446790,E09000022,Knight's Hill,E05000424,531887.0001221001,172127.00012210011,-0.10251098900206984,51.43228328818424,11/20/2022
